{
  "hotel_id": "Hotel_13",
  "approach": "direct_modeling",
  "cv_folds": 6,
  "mean_r2": -2.1030839900593112,
  "std_r2": 2.2962966575069426,
  "min_r2": -5.334436714657836,
  "max_r2": 0.40260650773667084,
  "mean_mape": Infinity,
  "mean_rmse": 45.19433320439716,
  "generalization_quality": "POOR"
}