{
  "hotel_id": "Hotel_03",
  "approach": "direct_modeling",
  "cv_folds": 1,
  "mean_r2": -0.527528631468984,
  "std_r2": 0.0,
  "min_r2": -0.527528631468984,
  "max_r2": -0.527528631468984,
  "mean_mape": 41.67073460468753,
  "mean_rmse": 96.39638048678033,
  "generalization_quality": "POOR"
}