{
  "hotel_id": "Hotel_01",
  "approach": "direct_modeling",
  "cv_folds": 5,
  "mean_r2": -42.245225990152875,
  "std_r2": 71.67507876752657,
  "min_r2": -184.73292429671847,
  "max_r2": -0.7680698252313032,
  "mean_mape": 23.85624325062263,
  "mean_rmse": 56.227645970022664,
  "generalization_quality": "POOR"
}