{
  "hotel_id": "Hotel_21",
  "approach": "direct_modeling",
  "cv_folds": 6,
  "mean_r2": -0.3558419526765213,
  "std_r2": 0.43545797925844726,
  "min_r2": -1.0511175385742941,
  "max_r2": 0.2861216511175225,
  "mean_mape": 10.930537944145344,
  "mean_rmse": 45.2111955066318,
  "generalization_quality": "POOR"
}