{
  "hotel_id": "Hotel_04",
  "approach": "direct_modeling",
  "cv_folds": 6,
  "mean_r2": 0.2673526904942673,
  "std_r2": 0.30023322069052205,
  "min_r2": -0.34151956388378757,
  "max_r2": 0.6077151261188356,
  "mean_mape": 9.427784545116216,
  "mean_rmse": 17.328127623447134,
  "generalization_quality": "GOOD"
}