{
  "hotel_id": "Hotel_33",
  "approach": "direct_modeling",
  "cv_folds": 7,
  "mean_r2": -1.2876495683562017,
  "std_r2": 2.8045327436069627,
  "min_r2": -8.097788363403126,
  "max_r2": 0.27508292656146494,
  "mean_mape": 9.987424662853446,
  "mean_rmse": 23.430222735588128,
  "generalization_quality": "POOR"
}