{
  "hotel_id": "Hotel_22",
  "approach": "direct_modeling",
  "cv_folds": 7,
  "mean_r2": -0.6601056388154272,
  "std_r2": 0.740271465823508,
  "min_r2": -1.7992224067638234,
  "max_r2": 0.30004716559611044,
  "mean_mape": 7.609471023832858,
  "mean_rmse": 19.31150304240245,
  "generalization_quality": "POOR"
}