{
  "hotel_id": "Hotel_40",
  "approach": "direct_modeling",
  "cv_folds": 2,
  "mean_r2": 0.6962224309458598,
  "std_r2": 0.007942433515202518,
  "min_r2": 0.6882799974306573,
  "max_r2": 0.7041648644610623,
  "mean_mape": 4.934585055756814,
  "mean_rmse": 18.756031209311082,
  "generalization_quality": "GOOD"
}