{
  "hotel_id": "Hotel_02",
  "approach": "direct_modeling",
  "cv_folds": 2,
  "mean_r2": 0.23745032365474827,
  "std_r2": 0.3189623675786606,
  "min_r2": -0.08151204392391231,
  "max_r2": 0.5564126912334089,
  "mean_mape": 10.766916166426075,
  "mean_rmse": 11.413081728048667,
  "generalization_quality": "GOOD"
}