{
  "hotel_id": "Hotel_41",
  "approach": "direct_modeling",
  "cv_folds": 2,
  "mean_r2": 0.5281663496134736,
  "std_r2": 0.21816098499570852,
  "min_r2": 0.31000536461776507,
  "max_r2": 0.7463273346091821,
  "mean_mape": 7.453727884153119,
  "mean_rmse": 43.27877115076006,
  "generalization_quality": "GOOD"
}