{
  "hotel_id": "Hotel_24",
  "approach": "direct_modeling",
  "cv_folds": 6,
  "mean_r2": -16.59389084064229,
  "std_r2": 20.705027629070607,
  "min_r2": -56.12435832979022,
  "max_r2": 0.6067030198601342,
  "mean_mape": 19.305598986768953,
  "mean_rmse": 28.965896938752383,
  "generalization_quality": "POOR"
}