{
  "hotel_id": "Hotel_25",
  "approach": "direct_modeling",
  "cv_folds": 7,
  "mean_r2": -0.6498673998586141,
  "std_r2": 1.8983950578164657,
  "min_r2": -5.121773679266568,
  "max_r2": 0.717871996578047,
  "mean_mape": 11.716075315030425,
  "mean_rmse": 26.11465574479362,
  "generalization_quality": "POOR"
}