{
  "hotel_id": "Hotel_35",
  "approach": "direct_modeling",
  "cv_folds": 1,
  "mean_r2": 0.7699047154004779,
  "std_r2": 0.0,
  "min_r2": 0.7699047154004779,
  "max_r2": 0.7699047154004779,
  "mean_mape": 6.997650125168605,
  "mean_rmse": 17.222939269890023,
  "generalization_quality": "GOOD"
}