{
  "hotel_id": "Hotel_07",
  "approach": "direct_modeling",
  "cv_folds": 7,
  "mean_r2": -0.22353937163628412,
  "std_r2": 1.0463904526023995,
  "min_r2": -2.5509510446983037,
  "max_r2": 0.5886472129240058,
  "mean_mape": 6.999188880005215,
  "mean_rmse": 18.58143069016491,
  "generalization_quality": "POOR"
}