{
  "hotel_id": "Hotel_14",
  "approach": "direct_modeling",
  "cv_folds": 7,
  "mean_r2": -13.207089767191073,
  "std_r2": 27.375301280593547,
  "min_r2": -79.89402501728313,
  "max_r2": 0.6744428445803647,
  "mean_mape": 11.210101119565106,
  "mean_rmse": 33.732978472301504,
  "generalization_quality": "POOR"
}