{
  "hotel_id": "Hotel_36",
  "approach": "direct_modeling",
  "cv_folds": 7,
  "mean_r2": -3.4296709438813857,
  "std_r2": 3.3106924194313283,
  "min_r2": -10.62614722763882,
  "max_r2": -0.3428486529014805,
  "mean_mape": 23.6915256610364,
  "mean_rmse": 36.10988664433444,
  "generalization_quality": "POOR"
}