{
  "hotel_id": "Hotel_27",
  "approach": "direct_modeling",
  "cv_folds": 2,
  "mean_r2": 0.707137178449047,
  "std_r2": 0.05400757401683648,
  "min_r2": 0.6531296044322106,
  "max_r2": 0.7611447524658835,
  "mean_mape": 10.52336589916173,
  "mean_rmse": 44.12163134945631,
  "generalization_quality": "GOOD"
}