{
  "hotel_id": "Hotel_05",
  "approach": "direct_modeling",
  "cv_folds": 7,
  "mean_r2": 0.3173444928209695,
  "std_r2": 0.3344108083086059,
  "min_r2": -0.3638976472213924,
  "max_r2": 0.7226338205051588,
  "mean_mape": 13.020334266737352,
  "mean_rmse": 50.741248158396786,
  "generalization_quality": "GOOD"
}