{
  "hotel_id": "Hotel_06",
  "approach": "direct_modeling",
  "cv_folds": 1,
  "mean_r2": 0.502684891963382,
  "std_r2": 0.0,
  "min_r2": 0.502684891963382,
  "max_r2": 0.502684891963382,
  "mean_mape": 7.839636325611814,
  "mean_rmse": 26.845654433489702,
  "generalization_quality": "GOOD"
}