{
  "hotel_id": "Hotel_38",
  "approach": "direct_modeling",
  "cv_folds": 1,
  "mean_r2": -0.14750901050198828,
  "std_r2": 0.0,
  "min_r2": -0.14750901050198828,
  "max_r2": -0.14750901050198828,
  "mean_mape": 20.460632668544612,
  "mean_rmse": 74.03537965003095,
  "generalization_quality": "POOR"
}