{
  "hotel_id": "Hotel_23",
  "approach": "direct_modeling",
  "cv_folds": 7,
  "mean_r2": -3.251787574793867,
  "std_r2": 3.6426058583903567,
  "min_r2": -10.280602012134928,
  "max_r2": 0.8575823101748306,
  "mean_mape": 7.64316969405465,
  "mean_rmse": 28.378775136037913,
  "generalization_quality": "POOR"
}