{
  "hotel_id": "Hotel_37",
  "approach": "direct_modeling",
  "cv_folds": 1,
  "mean_r2": 0.3128400145872643,
  "std_r2": 0.0,
  "min_r2": 0.3128400145872643,
  "max_r2": 0.3128400145872643,
  "mean_mape": 13.996580653587323,
  "mean_rmse": 34.445691725910464,
  "generalization_quality": "GOOD"
}