{
  "hotel_id": "Hotel_15",
  "approach": "direct_modeling",
  "cv_folds": 2,
  "mean_r2": -21.855101416224482,
  "std_r2": 18.02694793787099,
  "min_r2": -39.88204935409547,
  "max_r2": -3.8281534783534923,
  "mean_mape": 84.24807925731375,
  "mean_rmse": 423.886613588572,
  "generalization_quality": "POOR"
}