{
  "hotel_id": "Hotel_25",
  "approach": "detrending",
  "cv_folds": 7,
  "mean_r2": 0.2117048842747495,
  "std_r2": 0.6429206833454362,
  "min_r2": -1.143171128358925,
  "max_r2": 0.7741315445600468,
  "mean_mape": 8.638617077918784,
  "mean_rmse": 19.81299073251498,
  "generalization_quality": "GOOD"
}