{
  "hotel_id": "Hotel_12",
  "approach": "detrending",
  "cv_folds": 2,
  "mean_r2": 0.04380081065499797,
  "std_r2": 0.04890715716985106,
  "min_r2": -0.0051063465148530884,
  "max_r2": 0.09270796782484902,
  "mean_mape": 10.463007703261722,
  "mean_rmse": 26.364442327851705,
  "generalization_quality": "POOR"
}