{
  "hotel_id": "Hotel_24",
  "approach": "detrending",
  "cv_folds": 6,
  "mean_r2": -2.179788937597064,
  "std_r2": 3.6419395253520066,
  "min_r2": -10.096995440008003,
  "max_r2": 0.7073967668996396,
  "mean_mape": 9.752897808312717,
  "mean_rmse": 16.14708203661626,
  "generalization_quality": "POOR"
}