{
  "hotel_id": "Hotel_05",
  "approach": "detrending",
  "cv_folds": 7,
  "mean_r2": 0.35011798915245734,
  "std_r2": 0.5007043084819313,
  "min_r2": -0.7111511488309794,
  "max_r2": 0.8725626150886925,
  "mean_mape": 11.386214958470655,
  "mean_rmse": 48.88299807513296,
  "generalization_quality": "GOOD"
}