{
  "hotel_id": "Hotel_41",
  "approach": "detrending",
  "cv_folds": 2,
  "mean_r2": 0.5738166563937281,
  "std_r2": 0.16700714629251384,
  "min_r2": 0.40680951010121436,
  "max_r2": 0.740823802686242,
  "mean_mape": 7.533409053682302,
  "mean_rmse": 41.06125715062868,
  "generalization_quality": "GOOD"
}